<?xml version="1.0" encoding="UTF-8"?>
<GenRun Id="synth_1" LaunchPart="xc7z020clg400-2" LaunchTime="1720070466">
  <File Type="PA-TCL" Name="clock_and_reset.tcl"/>
  <File Type="RDS-PROPCONSTRS" Name="clock_and_reset_drc_synth.rpt"/>
  <File Type="REPORTS-TCL" Name="clock_and_reset_reports.tcl"/>
  <File Type="RDS-RDS" Name="clock_and_reset.vds"/>
  <File Type="RDS-UTIL" Name="clock_and_reset_utilization_synth.rpt"/>
  <File Type="RDS-UTIL-PB" Name="clock_and_reset_utilization_synth.pb"/>
  <File Type="RDS-DCP" Name="clock_and_reset.dcp"/>
  <File Type="VDS-TIMINGSUMMARY" Name="clock_and_reset_timing_summary_synth.rpt"/>
  <File Type="VDS-TIMING-PB" Name="clock_and_reset_timing_summary_synth.pb"/>
  <FileSet Name="sources" Type="DesignSrcs" RelSrcDir="$PSRCDIR/sources_1" RelGenDir="$PGENDIR/sources_1">
    <Filter Type="Srcs"/>
    <File Path="$PPRDIR/../../rtl/clock_reset.v">
      <FileInfo>
        <Attr Name="UsedIn" Val="synthesis"/>
        <Attr Name="UsedIn" Val="implementation"/>
        <Attr Name="UsedIn" Val="simulation"/>
      </FileInfo>
    </File>
    <Config>
      <Option Name="DesignMode" Val="RTL"/>
      <Option Name="TopModule" Val="clock_and_reset"/>
      <Option Name="TopAutoSet" Val="TRUE"/>
    </Config>
  </FileSet>
  <FileSet Name="constrs_in" Type="Constrs" RelSrcDir="$PSRCDIR/constrs_1">
    <Filter Type="Constrs"/>
    <Config>
      <Option Name="ConstrsType" Val="XDC"/>
    </Config>
  </FileSet>
  <FileSet Name="utils" Type="Utils" RelSrcDir="$PSRCDIR/utils_1">
    <Filter Type="Utils"/>
    <Config>
      <Option Name="TopAutoSet" Val="TRUE"/>
    </Config>
  </FileSet>
  <Strategy Version="1" Minor="2">
    <StratHandle Name="Vivado Synthesis Defaults" Flow="Vivado Synthesis 2020"/>
    <Step Id="synth_design"/>
  </Strategy>
  <BlockFileSet Type="BlockSrcs" Name="clk_wiz_0"/>
</GenRun>
